-- Create SessionType table
CREATE TABLE SessionType (
    SessionTypeID INTEGER PRIMARY KEY AUTOINCREMENT,
    SessionTypeName TEXT NOT NULL UNIQUE
);

-- Populate SessionType table
INSERT INTO SessionType (SessionTypeID, SessionTypeName)
VALUES
(1, 'Discussion'),
(2, 'Independent Study'),
(3, 'Lab'),
(4, 'Lecture'),
(5, 'Period'),
(6, 'Seminar'),
(7, 'Set up for grading only');

-- Create FacultyType table
CREATE TABLE FacultyType (
    FacultyTypeID INTEGER PRIMARY KEY AUTOINCREMENT,
    FacultyTypeName TEXT NOT NULL UNIQUE
);

-- Populate FacultyType table
INSERT INTO FacultyType (FacultyTypeID, FacultyTypeName)
VALUES
(1, 'Lecturer'),
(2, 'Adjunct Faculty'),
(3, 'Faculty Intern');

-- Create Lecturer table
CREATE TABLE Lecturer (
    LecturerID INTEGER PRIMARY KEY AUTOINCREMENT,
    LecturerName TEXT NOT NULL,
    FacultyTypeID INTEGER NOT NULL,
    FOREIGN KEY (FacultyTypeID) REFERENCES FacultyType(FacultyTypeID)
);

-- Populate Lecturer table with extracted lecturer names
INSERT INTO Lecturer (LecturerID, LecturerName, FacultyTypeID)
VALUES
(1, 'Acheampong Antwi Afari', 1),
(2, 'Afiah Agyeman Amponsah-Mensah', 1),
(3, 'Albert Agyepong', 1),
(4, 'Albert Cofie', 1),
(5, 'Alhassan Sullaiman', 1),
(6, 'Anthony Essel-Anderson', 1),
(7, 'Anthony Spio', 1),
(8, 'Awingot Richard Akparibo', 1),
(9, 'Ayawoa Dagbovie', 1),
(10, 'Ayorkor Korsah', 1),
(11, 'Baah Aye Kusi', 1),
(12, 'Bright Tetteh', 1),
(13, 'Charles Adjetey', 1),
(14, 'Christine Onyinah', 1),
(15, 'David Amatey Sampah', 1),
(16, 'David Ebo Adjepon-Yamoah', 1),
(17, 'Dennis Owusu Asamoah', 1),
(18, 'Dionne Boateng', 1),
(19, 'Dirk Kleine', 1),
(20, 'Disraeli Asante-Darko', 1),
(21, 'Ebenezer Obiri Addo', 1),
(22, 'Edgar Francis Cooke', 1),
(23, 'Elena Victoria Rosca', 1),
(24, 'Enock Opoku', 1),
(25, 'Enyonam Kudonoo', 1),
(26, 'Eric Ocran', 1),
(27, 'George Francois', 1),
(28, 'Gideon Osabutey', 1),
(29, 'Godwin Ayetor', 1),
(30, 'Govindha Ramaiah Yeluripati', 1),
(31, 'Hassan Wahab', 1),
(32, 'Hyder Ali Segu Mohamed', 1),
(33, 'Isaac Nyantakyi', 1),
(34, 'Ishmael Asiedu', 1),
(35, 'Jamal-Deen Abdulai', 1),
(36, 'Joseph Adjei', 1),
(37, 'Joseph Mensah', 1),
(38, 'Joseph Oduro-Frimpong', 1),
(39, 'Josephine Djan', 1),
(40, 'Justice Kwame Appati', 1),
(41, 'Kobby Amoah', 1),
(42, 'Kofi Adu-Labi', 1),
(43, 'Kwaku Asante', 1),
(44, 'Kweku Dwomoh', 1),
(45, 'Maame Mensa-Bonsu', 1),
(46, 'Maame Yaa Mensa-Bonsu', 1),
(47, 'Michael Effah Asamoah', 1),
(48, 'Millicent Awuku', 1),
(49, 'Miriam Abade-Abugre', 1),
(50, 'Naa Adjeley Doamekpor', 1),
(51, 'Nana Kwasi Karikari', 1),
(52, 'Nathan Nyarko Amanquah', 1),
(53, 'Nii Tettey', 1),
(54, 'Patrick Dwomfuor', 1),
(55, 'Prince Acquaye', 1),
(56, 'Prince Baah', 1),
(57, 'Robert Sowah', 1),
(58, 'Saeed Moomin', 1),
(59, 'Sampson Dankyi Asare', 1),
(60, 'Shefi Nelson', 1),
(61, 'Sihaam Mohammed Sayuti', 1),
(62, 'Stephen Emmanuel Armah', 1),
(63, 'Stephen K. Armah', 1),
(64, 'Sussan Einakian', 1),
(65, 'Theodora Aryee', 1),
(66, 'Umut Tosun', 1),
(67, 'Prince Tetteh', 3),
(68, 'Emmanuel Darko', 3),
(69, 'Gabriel Oboamah Affum', 3),
(70, 'Yayra Azaglo', 3),
(71, 'Evans Ghansah', 3),
(72, 'Christelle Afua Asantewaa McCarthy', 3),
(73, 'Owuraku Obeng Osei-Dwammena', 3),
(74, 'Akosua Obeng', 3),
(75, 'Dominic Ayiquaye', 3),
(76, 'Mary Magdalene Eliason', 3),
(77, 'Francis Eduku', 1),
(78, 'Freda Dzradosi', 2),
(79, 'Jewel Thompson', 1),
(80, 'Esther Afoley Laryea', 1),
(81, 'Gordon Kwesi Adomdza', 1),
(82, 'Keren Arthur', 2),
(83, 'Samuel Darko', 1),
(84, 'Joel Bortey', 3),
(85, 'Kwabena Ampadu Bamfo', 1),
(86, 'Stephane Nwolley', 2),
(87, 'Heather Beem', 1),
(88, 'Adwoa Yirenkyi-Fianko', 2),
(89, 'Yaw Delali Bensah', 2),
(90, 'Aminu Shittu', 2),
(91, 'University of Toronto Faculty', 2),
(92, 'Annajiat Alim Rasel', 2),
(93, 'Natalie Fordwor', 2),
(94, 'Gideon Hosu-Porbley', 2),
(95, 'Alimsiwen Ayaawan', 1),
(96, 'Michael Osei', 3),
(97, 'Brian Botchway', 3),
(98, 'Katelyn Aba Dadzie', 3),
(99, 'Noelle Naa Kai Kotei', 3),
(100, 'Nana Yaa Annorbea Frempong', 3),
(101, 'Richard Ekumah', 3),
(102, 'Knowledge Ahadzitse', 3),
(103, 'Rosemary Abowine', 3),
(104, 'Elaine Eyram Roberts', 3),
(105, 'David Asiamah Boateng', 3),
(106, 'Ewura Abena Asmah', 3),
(107, 'Karen Effiba Blay', 3),
(108, 'Emmanuel Affoh', 3),
(109, 'Benjamin Kofi Ampomah Nkansah', 3),
(110, 'Nana Adjoa Aseye Senanu', 3),
(111, 'Anna Naami', 3),
(112, 'Albert Akatom Bensusan', 1),
(113, 'Prince Aning', 1),
(114, 'Rebecca Awuah', 1),
(115, 'Linda Arthur', 3),
(116, 'Percy Brown', 3),
(117, 'Felicity Kuwornoo', 3),
(118, 'Faith Timoh', 3),
(119, 'Dickson Akubia', 3),
(120, 'Nana Banyin Ayeyi Djan', 3),
(121, 'Nanna Abankwa', 3),
(122, 'Samantha Mavunga', 3),
(123, 'Kasim Ibrahim', 3),
(124, 'Silas Sangmin', 3),
(125, 'Abdul-Aziz Fuseini', 3),
(126, 'Elijah Kwaku Adutwum Boateng', 3),
(127, 'Akwasi Asante-Krobea', 3),
(128, 'Gideon Donkor Bonsu', 3),
(129, 'Kweku Yamoah', 3),
(130, 'Nana Adwoa Newman', 3),
(131, 'Kwadwo Ansong Annor', 3),
(132, 'Jesse Korku Seyram Agbenya', 3),
(133, 'Joseph Kwabena Fosu Okyere', 3),
(134, 'Nii Aryee Aryeetey', 3),
(135, 'Shedika Baburononi Hassan', 3),
(136, 'Dominic Aboagye', 3),
(137, 'Edith Yaa Okyerewa Boakye', 3),
(138, 'Emmanuel Annor', 3),
(139, 'Mariam Korankye', 2),
(140, 'Eric Acheampong', 2),
(141, 'Eunice Tachie-Menson', 3),
(142, 'Edward Laryea', 3),
(143, 'Klenam Sedegah', 3),
(144, 'Rahmatu Alhassan Fynn', 3),
(145, 'Betty Blankson', 3),
(146, 'Edna Boa Amponsem', 3),
(147, 'Mahdi Jamaldeen', 3),
(148, 'Perpetual Asante', 1),
(149, 'Laila Duwiejua', 1),
(150, 'David Paapa Asante-Asare', 1),
(151, 'Richmond Agbelengor', 1),
(152, 'Joojo Afun', 1),
(153, 'Acheampong Yaw Amoateng', 1),
(154, 'Twene Osei', 1),
(155, 'Anthony Abeo', 1);

-- Create Cohort table
CREATE TABLE Cohort (
    CohortID INTEGER PRIMARY KEY AUTOINCREMENT,
    CohortName TEXT NOT NULL UNIQUE
);

-- Populate Cohort table with Cohorts A to Z
INSERT INTO Cohort (CohortID, CohortName)
VALUES
(1, 'Cohort A'),
(2, 'Cohort B'),
(3, 'Cohort C'),
(4, 'Cohort D'),
(5, 'Cohort E'),
(6, 'Cohort F'),
(7, 'Cohort G'),
(8, 'Cohort H'),
(9, 'Cohort I'),
(10, 'Cohort J'),
(11, 'Cohort K'),
(12, 'Cohort L'),
(13, 'Cohort M'),
(14, 'Cohort N'),
(15, 'Cohort O'),
(16, 'Cohort P'),
(17, 'Cohort Q'),
(18, 'Cohort R'),
(19, 'Cohort S'),
(20, 'Cohort T'),
(21, 'Cohort U'),
(22, 'Cohort V'),
(23, 'Cohort W'),
(24, 'Cohort X'),
(25, 'Cohort Y'),
(26, 'Cohort Z');

-- Create Duration table
CREATE TABLE Duration (
    DurationID INT PRIMARY KEY AUTO_INCREMENT,
    Duration TIME NOT NULL
);

-- Insert durations into the Duration table
INSERT INTO Duration (Duration) VALUES 
    ('01:00:00'),
    ('01:30:00'),
    ('03:00:00'),
    ('02:00:00'),
    ('01:45:00'),
    ('03:15:00');

-- Create Course table
CREATE TABLE Course (
    CourseID INTEGER PRIMARY KEY AUTOINCREMENT,
    CourseCode TEXT NOT NULL UNIQUE,
    CourseName TEXT NOT NULL,
    RequirementType TEXT NOT NULL,
    ActiveFlag INTEGER NOT NULL CHECK (ActiveFlag IN (0, 1)), -- Ensures ActiveFlag is 0 or 1
    Credits REAL NOT NULL
);

INSERT INTO Course (CourseID, CourseCode, CourseName, RequirementType, ActiveFlag, Credits)
VALUES
-- Extracted from various datasets
(1, 'ENGL112', 'Written and Oral Communication', 'Core', 1, 3.0),
(2, 'ENGL113', 'Text & Meaning', 'Core', 1, 3.0),
(3, 'BUSA161_A', 'Foundations of Design and Entrepreneurship I', 'Core', 1, 3.0),
(4, 'BUSA161_B', 'Foundations of Design and Entrepreneurship II', 'Core', 1, 3.0),
(5, 'ECON101', 'Microeconomics', 'Core', 1, 3.0),
(6, 'SOAN121', 'Social Theory', 'Core', 1, 3.0),
(7, 'SOAN111', 'Leadership Seminar 1: What Makes a Good Leader?', 'Core', 1, 1.5),
(8, 'SOAN211', 'Leadership Seminar 2: Rights, Ethics, and Rule of Law', 'Core', 1, 1.5),
(9, 'SOAN311', 'Leadership Seminar 3: The Economic Development of a Good Society', 'Core', 1, 1.5),
(10, 'SOAN411_A', 'Leadership Seminar 4 for Engineers: Leadership as Service', 'Core', 1, 3.0),
(11, 'POLS231_202', 'Pan-Africanism', 'Elective', 1, 3.0),
(12, 'ENG215', 'African Literature', 'Elective', 1, 3.0),
(13, 'MATH142_A', 'Calculus 1', 'Core', 1, 3.0),
(14, 'MATH142_B', 'Calculus 2', 'Core', 1, 3.0),
(15, 'MATH152', 'Statistics for Engineering and Economics', 'Core', 1, 3.0),
(16, 'MATH211', 'Multivariable Calculus and Linear Algebra', 'Core', 1, 3.0),
(17, 'MATH221', 'Differential Equations and Numerical Methods', 'Core', 1, 3.0),
(18, 'CS112', 'Computer Programming for Engineering', 'Core', 1, 3.0),
(19, 'SC112', 'Physics I: Mechanics', 'Core', 1, 3.0),
(20, 'SC113', 'Physics II: Electromagnetism', 'Core', 1, 3.0),
(21, 'SC221', 'Materials Science & Chemistry', 'Core', 1, 3.0),
(22, 'CS222', 'Data Structures and Algorithms', 'Core', 1, 3.0),
(23, 'CS415', 'Software Engineering', 'Core', 1, 3.0),
(24, 'CS432', 'Networks and Distributed Computing', 'Core', 1, 3.0),
(25, 'BUSA304', 'Operations Management', 'Elective', 1, 3.0),
(26, 'BUSA444', 'Supply Chain Management', 'Elective', 1, 3.0),
(27, 'CS223', 'Algorithms', 'Core', 1, 3.0),
(28, 'CS324', 'Database Systems', 'Core', 1, 3.0),
(29, 'CS331', 'Computer Architecture', 'Core', 1, 3.0),
(30, 'CS333', 'Operating Systems', 'Core', 1, 3.0),
(31, 'CS341', 'Web Development', 'Elective', 1, 3.0),
(32, 'CS353', 'Artificial Intelligence', 'Elective', 1, 3.0),
(33, 'BUSA201', 'Financial Accounting', 'Core', 1, 3.0),
(34, 'BUSA202', 'Managerial Accounting', 'Core', 1, 3.0),
(35, 'BUSA203', 'Marketing', 'Core', 1, 3.0),
(36, 'BUSA204', 'Business Strategy', 'Core', 1, 3.0),
(37, 'EE201', 'Introduction to Electrical Circuits', 'Core', 1, 3.0),
(38, 'EE301', 'Power Systems', 'Core', 1, 3.0),
(39, 'ME101', 'Introduction to Mechanics', 'Core', 1, 3.0),
(40, 'ME201', 'Thermodynamics', 'Core', 1, 3.0),
(41, 'MIS101', 'Management Information Systems', 'Core', 1, 3.0),
(42, 'MIS201', 'Enterprise Systems', 'Core', 1, 3.0),
(43, 'BUSA341', 'Organizational Behavior', 'Core', 1, 3.0),
(44, 'BUSA311', 'International Trade and Policy', 'Core', 1, 3.0),
(45, 'BUSA350', 'Corporate Finance', 'Core', 1, 3.0),
(46, 'BUSA422', 'Investment Management', 'Elective', 1, 3.0),
(47, 'BUSA332', 'Business Law', 'Core', 1, 3.0),
(48, 'SC231', 'Introduction to Chemistry', 'Core', 1, 3.0),
(49, 'ENG101', 'English Composition', 'Core', 1, 3.0),
(50, 'EE421', 'Signal Processing', 'Elective', 1, 3.0),
(51, 'EE451', 'Advanced Circuits', 'Elective', 1, 3.0),
(52, 'CS453', 'Robotics', 'Elective', 1, 3.0),
(53, 'ME411', 'Fluid Mechanics', 'Core', 1, 3.0),
(54, 'ME431', 'Thermal Systems', 'Core', 1, 3.0),
(55, 'CS457', 'Data Mining', 'Elective', 1, 3.0),
(56, 'BUSA462', 'Real Estate Development', 'Elective', 1, 3.0),
(57, 'SOAN233', 'African Music and Dance', 'Elective', 1, 3.0),
(58, 'POLS233', 'African Philosophy', 'Elective', 1, 3.0),
(59, 'ECON102', 'Macroeconomics', 'Core', 1, 3.0),
(60, 'SOAN229', 'Social Research Methods', 'Core', 1, 3.0),
(61, 'MATH144', 'Applied Calculus', 'Core', 1, 3.0),
(62, 'ENGR112', 'Introduction to Engineering', 'Core', 1, 3.0),
(63, 'ENGR311', 'System Dynamics', 'Core', 1, 3.0),
(64, 'ENGR312', 'Control Systems', 'Core', 1, 3.0),
(65, 'ENGR413', 'Project Management', 'Core', 1, 3.0),
(66, 'CS454', 'Artificial Intelligence', 'Elective', 1, 3.0),
(67, 'CS443', 'Mobile Web Programming', 'Elective', 1, 3.0),
(68, 'CS424', 'Advanced Database Systems', 'Elective', 1, 3.0),
(69, 'CS452', 'Computer Graphics', 'Elective', 1, 3.0),
(70, 'CS455', 'Applied Cryptography', 'Elective', 1, 3.0),
(71, 'ECON321', 'Risk Management', 'Elective', 1, 3.0),
(72, 'ECON341', 'Operations Research', 'Elective', 1, 3.0),
(73, 'ENGR414', 'Environmental Science and Engineering', 'Elective', 1, 3.0),
(74, 'BUSA401_A', 'Entrepreneurship I', 'Capstone', 1, 3.0),
(75, 'BUSA401_B', 'Entrepreneurship II', 'Capstone', 1, 3.0),
(76, 'CS400_A', 'Thesis I', 'Capstone', 1, 3.0),
(77, 'CS400_B', 'Thesis II', 'Capstone', 1, 3.0),
(78, 'BUSA410', 'Applied Senior Project', 'Capstone', 1, 3.0),
(79, 'MIS301', 'E-commerce', 'Core', 1, 3.0),
(80, 'MIS302', 'Advanced Database Systems', 'Core', 1, 3.0),
(81, 'MIS303', 'Networks and Distributed Computing', 'Core', 1, 3.0),
(82, 'MIS304', 'Programming II', 'Core', 1, 3.0),
(83, 'BUSA402', 'Strategic Brand Management', 'Elective', 1, 3.0),
(84, 'BUSA423', 'New Product Development', 'Elective', 1, 3.0),
(85, 'ENGR300', 'Third Year Group Project & Seminar', 'Core', 1, 1.5),
(86, 'CE122', 'Applied Programming for Engineers', 'Core', 1, 1.5),
(87, 'ENGR212', 'Instrumentation for Engineering', 'Core', 1, 1.5),
(88, 'CE322', 'Digital Systems Design', 'Core', 1, 3.0),
(89, 'CE451', 'Embedded Systems', 'Core', 1, 3.0),
(90, 'CS313', 'Intermediate Computer Programming', 'Core', 1, 3.0),
(91, 'CS341', 'Web Technologies', 'Core', 1, 3.0),
(92, 'CS433', 'Operating Systems and Systems Administration', 'Core', 1, 3.0),
(93, 'CS456', 'Algorithm Design & Analysis', 'Core', 1, 3.0),
(94, 'ME311', 'Mechanics of Materials/Structural Engineering', 'Core', 1, 3.0),
(95, 'ME301', 'Mechanical Machine Design', 'Core', 1, 3.0),
(96, 'ME411', 'Fundamentals of Thermal Fluid Science', 'Core', 1, 3.0),
(97, 'ME421', 'Thermal Systems and Applications', 'Core', 1, 3.0),
(98, 'ME431', 'Fluid Mechanics & Applications', 'Elective', 1, 3.0),
(99, 'EE222', 'Circuits and Electronics', 'Core', 1, 3.0),
(100, 'EE242', 'Introduction to Electrical Machines and Power Electronics', 'Core', 1, 3.0),
(101, 'EE342', 'Advanced Electrical Machines and Power Electronics', 'Core', 1, 3.0),
(102, 'EE453', 'Power Systems Analysis', 'Elective', 1, 3.0),
(103, 'CS222', 'Data Structures and Algorithms', 'Core', 1, 3.0),
(104, 'CS412', 'Concepts of Programming Languages', 'Elective', 1, 3.0),
(105, 'CS457', 'Data Mining', 'Elective', 1, 3.0),
(106, 'CS443', 'Mobile App Development', 'Elective', 1, 3.0),
(107, 'CS452', 'Computer Graphics', 'Elective', 1, 3.0),
(108, 'CS455', 'Applied Cryptography and Security', 'Elective', 1, 3.0),
(109, 'CS424', 'Advanced Database Systems', 'Elective', 1, 3.0),
(110, 'CS413', 'Human-Computer Interaction', 'Elective', 1, 3.0),
(111, 'ENGR400', 'Senior Project', 'Capstone', 1, 3.0),
(112, 'ENGR401', 'Senior Project and Seminar', 'Capstone', 1, 3.0),
(113, 'ENGR414', 'Environmental Science and Engineering', 'Elective', 1, 3.0),
(114, 'SC141', 'Introduction to Biology', 'Core', 1, 3.0),
(115, 'SC241', 'Biochemistry', 'Core', 1, 3.0),
(116, 'SC341', 'Molecular Biology', 'Core', 1, 3.0),
(117, 'ENGR312', 'Control Systems', 'Core', 1, 3.0),
(118, 'ENGR313', 'Project Management', 'Core', 1, 3.0),
(119, 'EE421', 'Digital and Analog Signal Processing', 'Elective', 1, 3.0),
(120, 'CS451', 'VLSI: Embedded Systems', 'Elective', 1, 3.0),
(121, 'CS311', 'Theory of Computation', 'Core', 1, 3.0),
(122, 'MIS101', 'Introduction to Information Systems', 'Core', 1, 3.0),
(123, 'MIS401', 'Thesis in MIS', 'Capstone', 1, 3.0),
(124, 'MIS402', 'Thesis II in MIS', 'Capstone', 1, 3.0),
(125, 'CS417', 'Computational Theory', 'Core', 1, 3.0),
(126, 'CS425', 'Distributed Systems', 'Elective', 1, 3.0),
(127, 'CS435', 'Cloud Computing', 'Elective', 1, 3.0),
(128, 'CS458', 'Machine Learning', 'Elective', 1, 3.0),
(129, 'CS459', 'Deep Learning', 'Elective', 1, 3.0),
(130, 'CS314', 'Human-Computer Interaction', 'Core', 1, 3.0),
(131, 'CS433', 'Operating Systems', 'Core', 1, 3.0),
(132, 'CS324', 'Database Systems', 'Core', 1, 3.0),
(133, 'SC112', 'Physics 1', 'Core', 1, 3.0),
(134, 'SC113', 'Physics 2', 'Core', 1, 3.0),
(135, 'CS121', 'Introduction to Programming', 'Core', 1, 3.0),
(136, 'CS211', 'Data Analytics', 'Elective', 1, 3.0),
(137, 'CS441', 'Information Security', 'Elective', 1, 3.0),
(138, 'BUSA401_C', 'Leadership for Entrepreneurs', 'Capstone', 1, 3.0),
(139, 'ENG101', 'Introduction to Technical Writing', 'Core', 1, 3.0),
(140, 'CS200', 'Game Design', 'Elective', 1, 3.0),
(141, 'CS401', 'Mobile Computing', 'Elective', 1, 3.0),
(142, 'CS404', 'Big Data Analytics', 'Elective', 1, 3.0),
(143, 'CS440', 'Blockchain Technologies', 'Elective', 1, 3.0),
(144, 'CS442', 'Advanced Networking', 'Elective', 1, 3.0),
(145, 'ENG200', 'Engineering Ethics', 'Core', 1, 3.0),
(146, 'EE311', 'Communication Systems', 'Core', 1, 3.0),
(147, 'BUSA100', 'Business Fundamentals', 'Core', 1, 3.0),
(148, 'BUSA101', 'Introduction to Accounting', 'Core', 1, 3.0),
(149, 'CS456', 'Algorithm Design', 'Core', 1, 3.0),
(150, 'CS461', 'Digital Forensics', 'Elective', 1, 3.0),
(151, 'ENGR500', 'Advanced Control Systems', 'Core', 1, 3.0),
(152, 'ENGR501', 'Microcontroller Programming', 'Elective', 1, 3.0),
(153, 'ENGR502', 'Advanced Robotics', 'Elective', 1, 3.0),
(154, 'CS320', 'Data Visualization', 'Elective', 1, 3.0),
(155, 'CS480', 'Capstone Project', 'Capstone', 1, 3.0),
(156, 'MIS210', 'Business Intelligence', 'Core', 1, 3.0),
(157, 'MIS411', 'Information Systems Auditing', 'Elective', 1, 3.0),
(158, 'EE310', 'Power Electronics', 'Core', 1, 3.0),
(159, 'EE450', 'Electromagnetic Field Theory', 'Core', 1, 3.0),
(160, 'EE499', 'Capstone Project in Electrical Engineering', 'Capstone', 1, 3.0),
(161, 'ME340', 'Heat and Mass Transfer', 'Core', 1, 3.0),
(162, 'ME442', 'Finite Element Analysis', 'Elective', 1, 3.0),
(163, 'BUSA370', 'Innovation and Design Thinking', 'Elective', 1, 3.0),
(164, 'BUSA460', 'International Business', 'Elective', 1, 3.0),
(165, 'SOAN230', 'Cultural Anthropology', 'Elective', 1, 3.0),
(166, 'POLS340', 'International Relations', 'Elective', 1, 3.0),
(167, 'ENG202', 'Scientific Writing', 'Core', 1, 3.0),
(168, 'CS410', 'Cloud Architecture', 'Elective', 1, 3.0),
(169, 'CS444', 'Advanced Software Engineering', 'Elective', 1, 3.0),
(170, 'CS482', 'Natural Language Processing', 'Elective', 1, 3.0),
(171, 'CS483', 'Computer Vision', 'Elective', 1, 3.0),
(172, 'ENGR600', 'Advanced Thermodynamics', 'Elective', 1, 3.0),
(173, 'ME450', 'Sustainable Engineering Design', 'Elective', 1, 3.0),
(174, 'BUSA500', 'Global Business Strategy', 'Elective', 1, 3.0),
(175, 'BUSA505', 'Leadership and Ethics', 'Core', 1, 3.0),
(176, 'EE480', 'Advanced Signal Processing', 'Elective', 1, 3.0),
(177, 'SC345', 'Quantum Physics', 'Elective', 1, 3.0),
(178, 'SC350', 'Advanced Material Science', 'Elective', 1, 3.0),
(179, 'BUSA480', 'Entrepreneurial Finance', 'Elective', 1, 3.0),
(180, 'BUSA490', 'Digital Marketing', 'Elective', 1, 3.0),
(181, 'CS474', 'Cybersecurity Management', 'Elective', 1, 3.0),
(182, 'CS470', 'Quantum Computing', 'Elective', 1, 3.0),
(183, 'EE460', 'Smart Grid Technologies', 'Elective', 1, 3.0),
(184, 'EE461', 'Internet of Things (IoT)', 'Elective', 1, 3.0),
(185, 'MIS300', 'Systems Design and Analysis', 'Core', 1, 3.0),
(186, 'MIS401', 'Capstone Project in MIS', 'Capstone', 1, 3.0),
(187, 'MIS402', 'Advanced Business Analytics', 'Elective', 1, 3.0),
(188, 'BUSA410', 'Global Operations Management', 'Elective', 1, 3.0),
(189, 'CS411', 'Advanced Programming Paradigms', 'Elective', 1, 3.0),
(190, 'CS416', 'Machine Learning Operations (MLOps)', 'Elective', 1, 3.0),
(191, 'CS450', 'Big Data Frameworks', 'Elective', 1, 3.0),
(192, 'CS460', 'Blockchain and Cryptocurrency', 'Elective', 1, 3.0),
(193, 'CS465', 'Parallel and Distributed Computing', 'Elective', 1, 3.0),
(194, 'SC400', 'Capstone Project in Sciences', 'Capstone', 1, 3.0),
(195, 'ENGR410', 'Robotics Control Systems', 'Elective', 1, 3.0),
(196, 'ENGR420', 'Autonomous Vehicles', 'Elective', 1, 3.0),
(197, 'EE490', 'Renewable Energy Systems', 'Elective', 1, 3.0),
(198, 'EE495', 'Wireless Communication Systems', 'Elective', 1, 3.0),
(199, 'SC450', 'Advanced Biophysics', 'Elective', 1, 3.0),
(200, 'SC460', 'Nanotechnology', 'Elective', 1, 3.0);

-- Create Room table
CREATE TABLE Room (
    RoomID INTEGER PRIMARY KEY AUTOINCREMENT,
    Location TEXT NOT NULL UNIQUE,
    MaxRoomCapacity INTEGER NOT NULL
);

INSERT INTO Room (RoomID, Location, MaxRoomCapacity) VALUES
(1, 'Apt Hall 216', 74),
(2, 'Apt Hall 217', 75),
(3, 'Bio Lab', 33),
(4, 'D-Lab 102', 58),
(5, 'Databank Foundation Hall 218', 75),
(6, 'EE lab', 52),
(7, 'Fab Lab 103', 31),
(8, 'Fab Lab 203', 72),
(9, 'Fab Lab 303', 75),
(10, 'Jackson Hall 115', 76),
(11, 'Jackson Hall 116', 79),
(12, 'Jackson Lab 221', 59),
(13, 'Jackson Lab 222', 61),
(14, 'Norton-Motulsky 207A', 58),
(15, 'Norton-Motulsky 207B', 69),
(16, 'Nutor Hall 100', 100),
(17, 'Nutor Hall 115', 73),
(18, 'Nutor Hall 216', 68),
(19, 'Radichel MPR', 55),
(20, 'Science Lab', 47);

-- Create SessionAssignments table
CREATE TABLE SessionAssignments (
    SessionID INTEGER PRIMARY KEY AUTOINCREMENT,
    CourseID INTEGER NOT NULL,
    LecturerID INTEGER NOT NULL,
    CohortID INTEGER NOT NULL,
    SessionTypeID INTEGER NOT NULL,
    DurationID INTEGER NOT NULL,
    FOREIGN KEY (CourseID) REFERENCES Course(CourseID),
    FOREIGN KEY (LecturerID) REFERENCES Lecturer(LecturerID),
    FOREIGN KEY (CohortID) REFERENCES Cohort(CohortID),
    FOREIGN KEY (SessionTypeID) REFERENCES SessionType(SessionTypeID),
    FOREIGN KEY (DurationID) REFERENCES Duration(DurationID)
);

-- Create SessionSchedule table
CREATE TABLE SessionSchedule (
    ScheduleID INTEGER PRIMARY KEY AUTOINCREMENT,
    SessionID INTEGER NOT NULL,
    DayOfWeek TEXT NOT NULL CHECK (DayOfWeek IN ('Monday', 'Tuesday', 'Wednesday', 'Thursday', 'Friday')),
    StartTime TIME NOT NULL,
    EndTime TIME NOT NULL,
    RoomID INTEGER NOT NULL,
    FOREIGN KEY (SessionID) REFERENCES SessionAssignments(SessionID),
    FOREIGN KEY (RoomID) REFERENCES Room(RoomID)
);

-- Create Major table
CREATE TABLE Major (
    MajorID INTEGER PRIMARY KEY AUTOINCREMENT,
    MajorName TEXT NOT NULL UNIQUE
);

-- Populate Major table
INSERT INTO Major (MajorID, MajorName)
VALUES
(1, 'Business Administration'),
(2, 'Computer Science'),
(3, 'Management Information Systems (MIS)'),
(4, 'Computer Engineering'),
(5, 'Mechatronics Engineering'),
(6, 'Mechanical Engineering'),
(7, 'Electrical and Electronic Engineering'),
(8, 'Law with Public Policy');

ALTER TABLE Lecturer ADD COLUMN ActiveFlag INTEGER NOT NULL DEFAULT 1 CHECK (ActiveFlag IN (0, 1));
ALTER TABLE Room ADD COLUMN ActiveFlag INTEGER NOT NULL DEFAULT 1 CHECK (ActiveFlag IN (0, 1));